{"schemaVersion":"1.0","appDefinitionTemplate":{"id":"/providers/Microsoft.PowerApps/apps/","type":"Microsoft.PowerApps/apps","tags":{"primaryDeviceWidth":"640","primaryDeviceHeight":"1136","sienaVersion":"20210510T141021Z-3.21043.23.0","deviceCapabilities":"","supportsPortrait":"true","supportsLandscape":"false","primaryFormFactor":"Phone","publisherVersion":"3.21043.23","minimumRequiredApiVersion":"2.2.0","hasComponent":"true","hasUnlockedComponent":"true","isUnifiedRootApp":"false"},"properties":{"appVersion":"2021-05-10T14:10:21Z","lifeCycleId":"Published","createdByClientVersion":{"major":3,"minor":21043,"build":23,"revision":0,"majorRevision":0,"minorRevision":0},"minClientVersion":{"major":3,"minor":21043,"build":23,"revision":0,"majorRevision":0,"minorRevision":0},"backgroundColor":"rgba(0, 138, 0, 1)","backgroundImageUri":"/4618871745489727439/N12d839ad-c831-4dbb-b5ec-f88bdbe3581a-logoSmallFile","displayName":"Solicitud Puesto de Trabajo - Admin","description":"Building Access Admin app","commitMessage":"","appUris":{"documentUri":{"value":"/4618871745489727439/Naf785567-02bf-4e3a-97f5-a43f71987595-document.msapp"},"imageUris":[]},"createdTime":"0001-01-01T00:00:00Z","lastModifiedTime":"0001-01-01T00:00:00Z","sharedGroupsCount":0,"sharedUsersCount":0,"icons":{"smallIconUri":"/4618871745489727439/Nc3749f8e-1a09-40ff-a9e3-0eaf3bb4019d-small.png","mediumIconUri":"/4618871745489727439/N9d798dfb-4ab8-42e7-a361-69d9befb5797-medium.png","largeIconUri":"/4618871745489727439/N5b6617d6-1e3f-4d9f-8fc9-d3db3f80b4cf-large.png","wideIconUri":"/4618871745489727439/N07e23618-9d21-49f2-bcc4-c1974ea0d7ba-wide.png"},"connectionReferences":{"0e8ffb38-66df-4f85-a26b-41a7c9dc3412":{"id":"69fa5bf7-73df-488e-ac1b-917af1f16085","displayName":"SharePoint","iconUri":"https://connectoricons-prod.azureedge.net/releases/v1.0.1465/1.0.1465.2409/sharepointonline/icon.png","dataSources":["BAR_AppSettings","BAR_Buildings","BAR_KeyQuestionAnswers","BAR_KeyQuestions","BAR_Requests","BAR_SafetyPrecautions","BAR_Spaces","BAR_SpacesMap","BAR_SuperUsers"],"dependencies":[],"dependents":["e0fc56bc-c2b4-442a-a090-c0e25aaa1fdc"],"parameterHints":{},"isOnPremiseConnection":false,"bypassConsent":false,"dataSets":{"https://diancolombia.sharepoint.com/sites/SPT":{"dataSources":{"BAR_AppSettings":{"tableName":"d213c2b6-80a0-4dd2-b447-b2270e99d147"},"BAR_Buildings":{"tableName":"bcb88344-f27a-4a12-a1ab-0ab2bbc5e771"},"BAR_KeyQuestionAnswers":{"tableName":"1341a672-8546-41f2-b3ea-018dfe374815"},"BAR_KeyQuestions":{"tableName":"79494dcb-af69-4ad4-924d-38b45287501c"},"BAR_Requests":{"tableName":"161c510f-cfb9-4aff-b849-62d5dc17f725"},"BAR_SafetyPrecautions":{"tableName":"194db7c0-31cf-40ee-975f-c68241fc6aae"},"BAR_Spaces":{"tableName":"9514db32-af64-4e9f-9d43-a711f79cff62"},"BAR_SpacesMap":{"tableName":"2f1fd7dc-be28-4cff-b2d7-4e685e464207"},"BAR_SuperUsers":{"tableName":"9a8f077b-4455-474a-9ae0-f6560088f0ea"}}}},"apiTier":"Standard","isCustomApiConnection":false},"e0fc56bc-c2b4-442a-a090-c0e25aaa1fdc":{"id":"e5cd29cf-81cd-4019-ba77-b5ed206b236d","displayName":"Logic flows","iconUri":"https://connectoricons-prod.azureedge.net/releases/v1.0.1438/1.0.1438.2324/logicflows/icon.png","dataSources":["PowerAppsbutton"],"dependencies":["0e8ffb38-66df-4f85-a26b-41a7c9dc3412"],"dependents":[],"parameterHints":{"workflowName":{"value":"a676a02b-6c5a-4cfe-82a2-2aa11609021d"},"0e8ffb38-66df-4f85-a26b-41a7c9dc3412":{"value":"shared_sharepointonline"}},"isOnPremiseConnection":false,"bypassConsent":false,"dataSets":{},"apiTier":"Standard","isCustomApiConnection":false,"actions":["Run"]}},"databaseReferences":{},"almMode":"Environment","performanceOptimizationEnabled":true,"canConsumeAppPass":true,"executionRestrictions":{"isTeamsOnly":false,"dataLossPreventionEvaluationResult":{"status":"Compliant","lastEvaluationDate":"2020-09-09T02:24:05.455104Z","violationDetails":[]}}},"isAppComponentLibrary":false,"appType":"ClassicCanvasApp","appComponents":[]}}