{"name":"c5db0112-54bf-4030-a687-46c890225549","id":"/providers/Microsoft.Flow/flows/c5db0112-54bf-4030-a687-46c890225549","type":"Microsoft.Flow/flows","properties":{"apiId":"/providers/Microsoft.PowerApps/apis/shared_logicflows","displayName":"BARUploadMapImage","definition":{"metadata":{"workflowEntityId":null,"processAdvisorMetadata":null,"flowclientsuspensionreason":"None","flowclientsuspensiontime":null,"creator":{"id":"e2a772d1-3999-47cb-a0ef-23136336dbbf","type":"User","tenantId":"fab26e5a-737a-4438-8ccd-8e465ecf21d8"},"provisioningMethod":"FromDefinition","failureAlertSubscription":true,"clientLastModifiedTime":"2021-05-10T14:11:24.6676815Z"},"$schema":"https://schema.management.azure.com/providers/Microsoft.Logic/schemas/2016-06-01/workflowdefinition.json#","contentVersion":"1.0.0.0","parameters":{"$connections":{"defaultValue":{},"type":"Object"},"$authentication":{"defaultValue":{},"type":"SecureObject"}},"triggers":{"manual":{"type":"Request","kind":"PowerApp","inputs":{"schema":{"type":"object","properties":{"ParseJSON_Content":{"type":"any","x-ms-powerflows-param-ispartial":false}},"required":["ParseJSON_Content"]}}}},"actions":{"Parse_JSON":{"runAfter":{},"type":"ParseJson","inputs":{"content":"@triggerBody()['ParseJSON_Content']","schema":{"type":"array","items":{"type":"object","properties":{"Name":{"type":"string"},"Pic":{"type":"string"}},"required":["Name","Pic"]}}}},"Apply_to_each":{"foreach":"@body('Parse_JSON')","actions":{"Create_file":{"runAfter":{},"type":"OpenApiConnection","inputs":{"host":{"apiId":"/providers/Microsoft.PowerApps/apis/shared_sharepointonline","connectionName":"shared_sharepointonline","operationId":"CreateFile"},"parameters":{"dataset":"https://diancolombia.sharepoint.com/sites/SPT","folderPath":"/SiteAssets","name":"@items('Apply_to_each')['Name']","body":"@decodeDataUri(item()['Pic'])"},"authentication":{"value":"@json(decodeBase64(triggerOutputs().headers['X-MS-APIM-Tokens']))['$ConnectionKey']","type":"Raw"}},"runtimeConfiguration":{"contentTransfer":{"transferMode":"Chunked"}}}},"runAfter":{"Parse_JSON":["Succeeded"]},"type":"Foreach"}},"outputs":{},"description":"Create one or more actions to happen when a button or link in PowerApps is selected. To use this flow from a PowerApp, select the control you want to trigger the flow and go to the Action tab in the PowerApps ribbon and select Flows."},"connectionReferences":{"shared_sharepointonline":{"connectionName":"7a55b3f7ef7e4804bc57f9125c981b98","source":"Invoker","id":"/providers/Microsoft.PowerApps/apis/shared_sharepointonline","tier":"NotSpecified"}},"flowFailureAlertSubscribed":false}}