{"schemaVersion":"1.0","appDefinitionTemplate":{"id":"/providers/Microsoft.PowerApps/apps/","type":"Microsoft.PowerApps/apps","tags":{"primaryDeviceWidth":"640","primaryDeviceHeight":"1136","sienaVersion":"20210510T142002Z-3.21043.23.0","deviceCapabilities":"webcam","supportsPortrait":"true","supportsLandscape":"false","primaryFormFactor":"Phone","publisherVersion":"3.21043.23","minimumRequiredApiVersion":"2.2.0","hasComponent":"true","hasUnlockedComponent":"true","isUnifiedRootApp":"false"},"properties":{"appVersion":"2021-05-10T14:20:02Z","lifeCycleId":"Published","createdByClientVersion":{"major":3,"minor":21043,"build":23,"revision":0,"majorRevision":0,"minorRevision":0},"minClientVersion":{"major":3,"minor":21043,"build":23,"revision":0,"majorRevision":0,"minorRevision":0},"backgroundColor":"rgba(0, 138, 0, 1)","backgroundImageUri":"/17375118101341847216/Nddc036b0-d5c9-4a1c-aa9e-90a39f5931fb-logoSmallFile","displayName":"Solicitud Puesto de Trabajo - Seguridad","description":"","commitMessage":"","appUris":{"documentUri":{"value":"/17375118101341847216/Nf085e650-4fc6-4a04-aaaa-1eae0353f2d8-document.msapp"},"imageUris":[]},"createdTime":"0001-01-01T00:00:00Z","lastModifiedTime":"0001-01-01T00:00:00Z","sharedGroupsCount":0,"sharedUsersCount":0,"icons":{"smallIconUri":"/17375118101341847216/N8e331053-3b60-4460-8b19-76c634ca167e-small.png","mediumIconUri":"/17375118101341847216/N4e1d3db3-0234-40bf-8a5b-40cfe6897f5d-medium.png","largeIconUri":"/17375118101341847216/N77af8740-506c-46cb-bb61-20691c31e87f-large.png","wideIconUri":"/17375118101341847216/Naf7122a8-6189-4f70-96fb-df1e751cca47-wide.png"},"connectionReferences":{"a85136af-8df5-414d-87dc-5e905e932008":{"id":"d7a6339d-abac-4b78-b58a-a492dc34aa13","displayName":"Office 365 Users","iconUri":"https://connectoricons-prod.azureedge.net/releases/v1.0.1460/1.0.1460.2389/office365users/icon.png","dataSources":["Office365Users"],"dependencies":[],"dependents":[],"parameterHints":{},"isOnPremiseConnection":false,"bypassConsent":false,"dataSets":{},"apiTier":"Standard","isCustomApiConnection":false,"actions":["MyProfileV2","UserPhotoMetadata","UserPhotoV2","UserPhoto"]},"47a4ea09-2334-423d-9e50-36960f75e115":{"id":"5c8adda7-c2b8-465b-8405-17cbe64f543a","displayName":"Microsoft Teams","iconUri":"https://connectoricons-prod.azureedge.net/releases/v1.0.1459/1.0.1459.2387/teams/icon.png","dataSources":["MicrosoftTeams"],"dependencies":[],"dependents":[],"parameterHints":{},"isOnPremiseConnection":false,"bypassConsent":false,"dataSets":{},"apiTier":"Standard","isCustomApiConnection":false},"9935f3f4-73da-43b9-b1c3-260706b0cc1f":{"id":"69fa5bf7-73df-488e-ac1b-917af1f16085","displayName":"SharePoint","iconUri":"https://connectoricons-prod.azureedge.net/releases/v1.0.1465/1.0.1465.2409/sharepointonline/icon.png","dataSources":["BAR_AppSettings","BAR_Buildings","BAR_KeyQuestionAnswers","BAR_KeyQuestions","BAR_Requests","BAR_SafetyPrecautions","BAR_Spaces","BAR_SpacesMap","BAR_SuperUsers"],"dependencies":[],"dependents":[],"parameterHints":{},"isOnPremiseConnection":false,"bypassConsent":false,"dataSets":{"https://diancolombia.sharepoint.com/sites/SPT":{"dataSources":{"BAR_AppSettings":{"tableName":"d213c2b6-80a0-4dd2-b447-b2270e99d147"},"BAR_Buildings":{"tableName":"bcb88344-f27a-4a12-a1ab-0ab2bbc5e771"},"BAR_KeyQuestionAnswers":{"tableName":"1341a672-8546-41f2-b3ea-018dfe374815"},"BAR_KeyQuestions":{"tableName":"79494dcb-af69-4ad4-924d-38b45287501c"},"BAR_Requests":{"tableName":"161c510f-cfb9-4aff-b849-62d5dc17f725"},"BAR_SafetyPrecautions":{"tableName":"194db7c0-31cf-40ee-975f-c68241fc6aae"},"BAR_Spaces":{"tableName":"9514db32-af64-4e9f-9d43-a711f79cff62"},"BAR_SpacesMap":{"tableName":"2f1fd7dc-be28-4cff-b2d7-4e685e464207"},"BAR_SuperUsers":{"tableName":"9a8f077b-4455-474a-9ae0-f6560088f0ea"}}}},"apiTier":"Standard","isCustomApiConnection":false}},"databaseReferences":{},"almMode":"Environment","performanceOptimizationEnabled":true,"canConsumeAppPass":true,"executionRestrictions":{"isTeamsOnly":false,"dataLossPreventionEvaluationResult":{"status":"Compliant","lastEvaluationDate":"2021-05-10T14:12:55.0332146Z","violations":[],"violationsByPolicy":[],"violationErrorMessage":"The app uses the following connectors: shared_office365users, shared_teams, shared_sharepointonline."}}},"isAppComponentLibrary":false,"appType":"ClassicCanvasApp","appComponents":[]}}