{
    "name": "c222aa53-0df5-4f8a-93c6-0f2c77ce1d45",
    "id": "/providers/Microsoft.Flow/flows/c222aa53-0df5-4f8a-93c6-0f2c77ce1d45",
    "type": "Microsoft.Flow/flows",
    "properties": {
        "apiId": "/providers/Microsoft.PowerApps/apis/shared_logicflows",
        "displayName": "BARNotifyRequestor (v1_15)",
        "definition": {
            "metadata": {
                "workflowEntityId": null,
                "flowclientsuspensionreason": "None",
                "flowclientsuspensiontime": null,
                "creator": {
                    "id": "9ffa9400-4d06-41a2-bbea-39a3303a4637",
                    "type": "User",
                    "tenantId": "3786beaf-26e4-402c-94ac-4c3c2f1044ab"
                },
                "provisioningMethod": "FromDefinition",
                "failureAlertSubscription": true,
                "clientLastModifiedTime": "2020-09-09T11:18:32.9564327Z"
            },
            "$schema": "https://schema.management.azure.com/providers/Microsoft.Logic/schemas/2016-06-01/workflowdefinition.json#",
            "contentVersion": "1.0.0.0",
            "parameters": {
                "$connections": {
                    "defaultValue": {},
                    "type": "Object"
                },
                "$authentication": {
                    "defaultValue": {},
                    "type": "SecureObject"
                }
            },
            "triggers": {
                "Request_was_approved_and_need_notification": {
                    "recurrence": {
                        "frequency": "Minute",
                        "interval": 1
                    },
                    "splitOn": "@triggerOutputs()?['body/value']",
                    "metadata": {
                        "flowSystemMetadata": {
                            "swaggerOperationId": "GetOnUpdatedItems"
                        }
                    },
                    "type": "ApiConnection",
                    "inputs": {
                        "host": {
                            "connection": {
                                "name": "@parameters('$connections')['shared_sharepointonline']['connectionId']"
                            },
                            "api": {
                                "runtimeUrl": "https://unitedstates-002.azure-apim.net/apim/sharepointonline"
                            }
                        },
                        "method": "get",
                        "path": "/datasets/@{encodeURIComponent(encodeURIComponent('https://m365x706011.sharepoint.com/sites/BAR115'))}/tables/@{encodeURIComponent(encodeURIComponent('8d79df92-e872-4e89-bd66-bd6185805ce8'))}/onupdateditems",
                        "authentication": "@parameters('$authentication')"
                    },
                    "conditions": [
                        {
                            "expression": "@equals(triggerOutputs()?['body/RequestorNotificationSent'],false)"
                        },
                        {
                            "expression": "@equals(triggerOutputs()?['body/Status']?['Value'],'Approved')"
                        }
                    ]
                }
            },
            "actions": {
                "Send_an_email_to_the_requestor": {
                    "runAfter": {
                        "Post_your_the_adaptive_card_to_the_requestor": [
                            "Succeeded"
                        ]
                    },
                    "type": "OpenApiConnection",
                    "inputs": {
                        "host": {
                            "apiId": "/providers/Microsoft.PowerApps/apis/shared_office365",
                            "connectionName": "shared_office365",
                            "operationId": "SendEmailV2"
                        },
                        "parameters": {
                            "emailMessage/To": "@triggerOutputs()?['body/Requestor/Email']",
                            "emailMessage/Subject": "Your request for @{triggerOutputs()?['body/RequestDate']} was approved!!",
                            "emailMessage/Body": "<p>Your request was approved!!<br>\n<br>\nYour  <b>@{triggerOutputs()?['body/Title']}</b> pass for  <b>@{triggerOutputs()?['body/RequestDate']}</b> is <b>@{triggerOutputs()?['body/AccessKey']}</b>. If required, present the QR code below to security when your arrive.\n<br>\n<img src=\"https://chart.googleapis.com/chart?cht=qr&chs=300x300&chl=@{triggerOutputs()?['body/AccessKey']}\">\n<br>\n@{variables('varTableMessage')}\n</p>"
                        },
                        "authentication": "@parameters('$authentication')"
                    }
                },
                "Post_your_the_adaptive_card_to_the_requestor": {
                    "runAfter": {
                        "Condition": [
                            "Succeeded"
                        ]
                    },
                    "type": "OpenApiConnection",
                    "inputs": {
                        "host": {
                            "apiId": "/providers/Microsoft.PowerApps/apis/shared_teams",
                            "connectionName": "shared_teams",
                            "operationId": "PostUserAdaptiveCard"
                        },
                        "parameters": {
                            "PostAdaptiveCardRequest/recipient/to": "@{triggerOutputs()?['body/Requestor/Email']};",
                            "PostAdaptiveCardRequest/messageBody": "{\n    \"$schema\": \"http://adaptivecards.io/schemas/adaptive-card.json\",\n    \"type\": \"AdaptiveCard\",\n    \"version\": \"1.2\",\n    \"body\": [\n        {\n            \"type\": \"TextBlock\",\n            \"text\": \"Your request for @{triggerOutputs()?['body/RequestDate']} was approved!!\",\n            \"size\": \"Large\",\n            \"wrap\": true\n        },\n        {\n            \"type\": \"TextBlock\",\n            \"text\": \"Your  **@{triggerOutputs()?['body/Title']}** pass for  **@{triggerOutputs()?['body/RequestDate']}** is **@{triggerOutputs()?['body/AccessKey']}**. \",\n            \"size\": \"Medium\",\n            \"weight\": \"Lighter\",\n            \"spacing\": \"Medium\",\n            \"height\": \"stretch\",\n            \"wrap\": true\n        },\n        {\n            \"type\": \"TextBlock\",\n            \"text\": \"If required, present the QR code below to security when your arrive.\",\n            \"spacing\": \"Medium\",\n            \"height\": \"stretch\",\n            \"size\": \"Medium\",\n            \"weight\": \"Lighter\",\n            \"wrap\": true\n        },\n        {\n            \"type\": \"Image\",\n            \"url\": \"https://chart.googleapis.com/chart?cht=qr&chs=300x300&chl=@{triggerOutputs()?['body/AccessKey']}\",\n            \"altText\": \"QR Code\",\n            \"horizontalAlignment\": \"Center\"\n        },\n        {\n            \"type\": \"TextBlock\",\n            \"text\": \"@{variables('varTableMessage')}\",\n            \"size\": \"Medium\",\n            \"weight\": \"Lighter\",\n            \"wrap\": true,\n            \"height\": \"stretch\"\n        }\n    ]\n}",
                            "PostAdaptiveCardRequest/recipient/isAlert": true
                        },
                        "authentication": "@parameters('$authentication')"
                    }
                },
                "Initialize_varSiteUrl": {
                    "runAfter": {},
                    "type": "InitializeVariable",
                    "inputs": {
                        "variables": [
                            {
                                "name": "varSiteUrl",
                                "type": "string",
                                "value": "https://m365x706011.sharepoint.com/sites/BAR115"
                            }
                        ]
                    }
                },
                "Update_the_request_with_RequestorNotificationSent": {
                    "runAfter": {
                        "Send_an_email_to_the_requestor": [
                            "Succeeded"
                        ]
                    },
                    "type": "OpenApiConnection",
                    "inputs": {
                        "host": {
                            "apiId": "/providers/Microsoft.PowerApps/apis/shared_sharepointonline",
                            "connectionName": "shared_sharepointonline",
                            "operationId": "PatchItem"
                        },
                        "parameters": {
                            "dataset": "@variables('varSiteUrl')",
                            "table": "BAR_Requests",
                            "id": "@triggerOutputs()?['body/ID']",
                            "item": {
                                "Title": "@triggerBody()?['Title']",
                                "RequestorNotificationSent": true
                            }
                        },
                        "authentication": "@parameters('$authentication')"
                    }
                },
                "Condition": {
                    "actions": {
                        "Get_the_Table_Data_to_Notify_Requestor": {
                            "runAfter": {},
                            "type": "OpenApiConnection",
                            "inputs": {
                                "host": {
                                    "apiId": "/providers/Microsoft.PowerApps/apis/shared_sharepointonline",
                                    "connectionName": "shared_sharepointonline",
                                    "operationId": "GetItems"
                                },
                                "parameters": {
                                    "dataset": "@variables('varSiteUrl')",
                                    "table": "BAR_SpacesMap",
                                    "$filter": "ID eq '@{triggerOutputs()?['body/TableID']}'"
                                },
                                "authentication": "@parameters('$authentication')"
                            }
                        },
                        "Parse_JSON": {
                            "runAfter": {
                                "Get_the_Table_Data_to_Notify_Requestor": [
                                    "Succeeded"
                                ]
                            },
                            "type": "ParseJson",
                            "inputs": {
                                "content": "@outputs('Get_the_Table_Data_to_Notify_Requestor')?['body/value']",
                                "schema": {
                                    "type": "array",
                                    "items": {
                                        "type": "object",
                                        "properties": {
                                            "@@odata.etag": {
                                                "type": "string"
                                            },
                                            "ItemInternalId": {
                                                "type": "string"
                                            },
                                            "ID": {
                                                "type": "integer"
                                            },
                                            "Title": {
                                                "type": "string"
                                            },
                                            "Available": {
                                                "type": "boolean"
                                            },
                                            "Code": {
                                                "type": "string"
                                            },
                                            "SpaceID": {
                                                "type": "integer"
                                            },
                                            "Modified": {
                                                "type": "string"
                                            },
                                            "Created": {
                                                "type": "string"
                                            },
                                            "Author": {
                                                "type": "object",
                                                "properties": {
                                                    "@@odata.type": {
                                                        "type": "string"
                                                    },
                                                    "Claims": {
                                                        "type": "string"
                                                    },
                                                    "DisplayName": {
                                                        "type": "string"
                                                    },
                                                    "Email": {
                                                        "type": "string"
                                                    },
                                                    "Picture": {
                                                        "type": "string"
                                                    },
                                                    "Department": {},
                                                    "JobTitle": {}
                                                }
                                            },
                                            "Author#Claims": {
                                                "type": "string"
                                            },
                                            "Editor": {
                                                "type": "object",
                                                "properties": {
                                                    "@@odata.type": {
                                                        "type": "string"
                                                    },
                                                    "Claims": {
                                                        "type": "string"
                                                    },
                                                    "DisplayName": {
                                                        "type": "string"
                                                    },
                                                    "Email": {
                                                        "type": "string"
                                                    },
                                                    "Picture": {
                                                        "type": "string"
                                                    },
                                                    "Department": {},
                                                    "JobTitle": {}
                                                }
                                            },
                                            "Editor#Claims": {
                                                "type": "string"
                                            },
                                            "{Identifier}": {
                                                "type": "string"
                                            },
                                            "{IsFolder}": {
                                                "type": "boolean"
                                            },
                                            "{Thumbnail}": {
                                                "type": "object",
                                                "properties": {
                                                    "Large": {},
                                                    "Medium": {},
                                                    "Small": {}
                                                }
                                            },
                                            "{Link}": {
                                                "type": "string"
                                            },
                                            "{Name}": {
                                                "type": "string"
                                            },
                                            "{FilenameWithExtension}": {
                                                "type": "string"
                                            },
                                            "{Path}": {
                                                "type": "string"
                                            },
                                            "{FullPath}": {
                                                "type": "string"
                                            },
                                            "{HasAttachments}": {
                                                "type": "boolean"
                                            },
                                            "{VersionNumber}": {
                                                "type": "string"
                                            }
                                        },
                                        "required": [
                                            "@@odata.etag",
                                            "ItemInternalId",
                                            "ID",
                                            "Title",
                                            "Available",
                                            "Code",
                                            "SpaceID",
                                            "Modified",
                                            "Created",
                                            "Author",
                                            "Author#Claims",
                                            "Editor",
                                            "Editor#Claims",
                                            "{Identifier}",
                                            "{IsFolder}",
                                            "{Thumbnail}",
                                            "{Link}",
                                            "{Name}",
                                            "{FilenameWithExtension}",
                                            "{Path}",
                                            "{FullPath}",
                                            "{HasAttachments}",
                                            "{VersionNumber}"
                                        ]
                                    }
                                }
                            }
                        },
                        "Apply_to_each": {
                            "foreach": "@body('Parse_JSON')",
                            "actions": {
                                "Set_variable": {
                                    "runAfter": {},
                                    "type": "SetVariable",
                                    "inputs": {
                                        "name": "varTableMessage",
                                        "value": "You also reserved the desk @{items('Apply_to_each')['Title']} with code @{items('Apply_to_each')['Code']}. It is located at @{triggerOutputs()?['body/SpaceName']} in the @{triggerOutputs()?['body/Title']}. If required, please scan the QR code available on the desk to confirm your reservation. \n\nThank you!!"
                                    }
                                }
                            },
                            "runAfter": {
                                "Parse_JSON": [
                                    "Succeeded"
                                ]
                            },
                            "type": "Foreach"
                        }
                    },
                    "runAfter": {
                        "Initialize_varTableMessage": [
                            "Succeeded"
                        ]
                    },
                    "else": {
                        "actions": {
                            "Set_variable_varTableMessage_(no_Table_data)": {
                                "runAfter": {},
                                "type": "SetVariable",
                                "inputs": {
                                    "name": "varTableMessage",
                                    "value": "Thank you!!"
                                }
                            }
                        }
                    },
                    "expression": {
                        "greater": [
                            "@triggerOutputs()?['body/TableID']",
                            0
                        ]
                    },
                    "type": "If"
                },
                "Initialize_varTableMessage": {
                    "runAfter": {
                        "Initialize_varSiteUrl": [
                            "Succeeded"
                        ]
                    },
                    "type": "InitializeVariable",
                    "inputs": {
                        "variables": [
                            {
                                "name": "varTableMessage",
                                "type": "string"
                            }
                        ]
                    }
                }
            }
        },
        "connectionReferences": {
            "shared_office365": {
                "connectionName": "0cb4f8f3637c4855bc3e2dd88bae41cb",
                "source": "Embedded",
                "id": "/providers/Microsoft.PowerApps/apis/shared_office365",
                "tier": "NotSpecified"
            },
            "shared_teams": {
                "connectionName": "shared-teams-90f0f50a-d2e3-4203-a629-b7130f9f61cc",
                "source": "Embedded",
                "id": "/providers/Microsoft.PowerApps/apis/shared_teams",
                "tier": "NotSpecified"
            },
            "shared_sharepointonline": {
                "connectionName": "0eed0213aca64b8b9658c0212ac2acf6",
                "source": "Embedded",
                "id": "/providers/Microsoft.PowerApps/apis/shared_sharepointonline",
                "tier": "NotSpecified"
            }
        },
        "flowFailureAlertSubscribed": false
    }
}