{"schemaVersion":"1.0","appDefinitionTemplate":{"id":"/providers/Microsoft.PowerApps/apps/","type":"Microsoft.PowerApps/apps","tags":{"primaryDeviceWidth":"640","primaryDeviceHeight":"1136","sienaVersion":"20210510T133059Z-3.21043.23.0","deviceCapabilities":"","supportsPortrait":"true","supportsLandscape":"false","primaryFormFactor":"Phone","publisherVersion":"3.21043.23","minimumRequiredApiVersion":"2.2.0","hasComponent":"true","hasUnlockedComponent":"true","isUnifiedRootApp":"false"},"properties":{"appVersion":"2021-05-10T13:30:59Z","lifeCycleId":"Published","createdByClientVersion":{"major":3,"minor":21043,"build":23,"revision":0,"majorRevision":0,"minorRevision":0},"minClientVersion":{"major":3,"minor":21043,"build":23,"revision":0,"majorRevision":0,"minorRevision":0},"backgroundColor":"rgba(0, 138, 0, 1)","backgroundImageUri":"/17438490707623461390/Ne5931dce-422e-4a98-8486-36c0369ea7d2-logoSmallFile","displayName":"Solicitud Puesto de Trabajo","description":"","commitMessage":"","appUris":{"documentUri":{"value":"/17438490707623461390/N5eb97d77-2b58-45f5-ab01-863eccebced9-document.msapp"},"imageUris":[]},"createdTime":"0001-01-01T00:00:00Z","lastModifiedTime":"0001-01-01T00:00:00Z","sharedGroupsCount":0,"sharedUsersCount":0,"icons":{"smallIconUri":"/17438490707623461390/Nc4813dc3-9f3c-4ec8-90ee-888ab6fc4572-small.png","mediumIconUri":"/17438490707623461390/N4c3f06b2-0f4e-4ad5-82ee-fabf3289f361-medium.png","largeIconUri":"/17438490707623461390/Na868b8d7-cb5b-4baa-8dfe-d5a80594a170-large.png","wideIconUri":"/17438490707623461390/Nfbb6cb29-a117-4d97-9de9-31f119484db9-wide.png"},"connectionReferences":{"a85136af-8df5-414d-87dc-5e905e932008":{"id":"d7a6339d-abac-4b78-b58a-a492dc34aa13","displayName":"Office 365 Users","iconUri":"https://connectoricons-prod.azureedge.net/releases/v1.0.1460/1.0.1460.2389/office365users/icon.png","dataSources":["Office365Users"],"dependencies":[],"dependents":["b19a1e1f-4a8e-4eb5-98be-2370028d7252"],"parameterHints":{},"isOnPremiseConnection":false,"bypassConsent":false,"dataSets":{},"apiTier":"Standard","isCustomApiConnection":false,"actions":["MyProfileV2","UserPhotoMetadata","UserPhotoV2","ManagerV2","UserProfileV2","SearchUser"]},"f7e9b7d0-887b-409e-aa31-cadb387f0d03":{"id":"69fa5bf7-73df-488e-ac1b-917af1f16085","displayName":"SharePoint","iconUri":"https://connectoricons-prod.azureedge.net/releases/v1.0.1465/1.0.1465.2409/sharepointonline/icon.png","dataSources":["BAR_Requests","BAR_AppSettings","BAR_Buildings","BAR_KeyQuestionAnswers","BAR_KeyQuestions","BAR_SafetyPrecautions","BAR_Spaces","BAR_SpacesMap","BAR_SuperUsers"],"dependencies":[],"dependents":["b19a1e1f-4a8e-4eb5-98be-2370028d7252"],"parameterHints":{},"isOnPremiseConnection":false,"bypassConsent":false,"dataSets":{"https://appms.sharepoint.com/sites/Aforo/":{"dataSources":{"BAR_Requests":{"tableName":"2a8a2424-6830-48c6-8dc1-143ea35642a9"}}},"https://diancolombia.sharepoint.com/sites/SPT":{"dataSources":{"BAR_AppSettings":{"tableName":"d213c2b6-80a0-4dd2-b447-b2270e99d147"},"BAR_Buildings":{"tableName":"bcb88344-f27a-4a12-a1ab-0ab2bbc5e771"},"BAR_KeyQuestionAnswers":{"tableName":"1341a672-8546-41f2-b3ea-018dfe374815"},"BAR_KeyQuestions":{"tableName":"79494dcb-af69-4ad4-924d-38b45287501c"},"BAR_Requests":{"tableName":"161c510f-cfb9-4aff-b849-62d5dc17f725"},"BAR_SafetyPrecautions":{"tableName":"194db7c0-31cf-40ee-975f-c68241fc6aae"},"BAR_Spaces":{"tableName":"9514db32-af64-4e9f-9d43-a711f79cff62"},"BAR_SpacesMap":{"tableName":"2f1fd7dc-be28-4cff-b2d7-4e685e464207"},"BAR_SuperUsers":{"tableName":"9a8f077b-4455-474a-9ae0-f6560088f0ea"}}}},"apiTier":"Standard","isCustomApiConnection":false},"b19a1e1f-4a8e-4eb5-98be-2370028d7252":{"id":"e5cd29cf-81cd-4019-ba77-b5ed206b236d","displayName":"Logic flows","iconUri":"https://connectoricons-prod.azureedge.net/releases/v1.0.1438/1.0.1438.2324/logicflows/icon.png","dataSources":["BARCreateRequests(v1_15)"],"dependencies":["a85136af-8df5-414d-87dc-5e905e932008","f7e9b7d0-887b-409e-aa31-cadb387f0d03"],"dependents":[],"parameterHints":{"workflowName":{"value":"68eb5c8a-0c15-4273-910e-d9ae6e154495"},"a85136af-8df5-414d-87dc-5e905e932008":{"value":"shared_office365users_1"},"f7e9b7d0-887b-409e-aa31-cadb387f0d03":{"value":"shared_sharepointonline_1"}},"isOnPremiseConnection":false,"bypassConsent":false,"dataSets":{},"apiTier":"Standard","isCustomApiConnection":false,"actions":["Run"]}},"databaseReferences":{},"almMode":"Environment","performanceOptimizationEnabled":true,"canConsumeAppPass":true,"executionRestrictions":{"isTeamsOnly":false,"dataLossPreventionEvaluationResult":{"status":"Compliant","lastEvaluationDate":"2020-09-08T22:33:27.8375335Z","violationDetails":[]}}},"isAppComponentLibrary":false,"appType":"ClassicCanvasApp","appComponents":[]}}